{
  "anger": {
    "precision": 0.8666666666666667,
    "recall": 0.6529680365296804,
    "f1-score": 0.7447916666666666,
    "support": 219.0
  },
  "fear": {
    "precision": 0.8695652173913043,
    "recall": 0.5617977528089888,
    "f1-score": 0.6825938566552902,
    "support": 178.0
  },
  "joy": {
    "precision": 0.7058823529411765,
    "recall": 0.9385474860335196,
    "f1-score": 0.8057553956834532,
    "support": 537.0
  },
  "love": {
    "precision": 0.9230769230769231,
    "recall": 0.45454545454545453,
    "f1-score": 0.6091370558375635,
    "support": 132.0
  },
  "sadness": {
    "precision": 0.8022813688212928,
    "recall": 0.888421052631579,
    "f1-score": 0.8431568431568431,
    "support": 475.0
  },
  "surprise": {
    "precision": 1.0,
    "recall": 0.2542372881355932,
    "f1-score": 0.40540540540540543,
    "support": 59.0
  },
  "accuracy": 0.7775,
  "macro avg": {
    "precision": 0.8612454214828938,
    "recall": 0.6250861784474693,
    "f1-score": 0.6818067039008704,
    "support": 1600.0
  },
  "weighted avg": {
    "precision": 0.8034820226633324,
    "recall": 0.7775,
    "f1-score": 0.7638288998472711,
    "support": 1600.0
  }
}