{
  "anger": {
    "precision": 0.8743315508021391,
    "recall": 0.8054187192118226,
    "f1-score": 0.8384615384615385,
    "support": 406.0
  },
  "fear": {
    "precision": 0.8333333333333334,
    "recall": 0.8426966292134831,
    "f1-score": 0.8379888268156425,
    "support": 356.0
  },
  "joy": {
    "precision": 0.8467670504871567,
    "recall": 0.9428007889546351,
    "f1-score": 0.8922071861875875,
    "support": 1014.0
  },
  "love": {
    "precision": 0.8097345132743363,
    "recall": 0.7439024390243902,
    "f1-score": 0.7754237288135594,
    "support": 246.0
  },
  "sadness": {
    "precision": 0.9372738238841978,
    "recall": 0.8931034482758621,
    "f1-score": 0.914655679811654,
    "support": 870.0
  },
  "surprise": {
    "precision": 0.8780487804878049,
    "recall": 0.6666666666666666,
    "f1-score": 0.7578947368421053,
    "support": 108.0
  },
  "accuracy": 0.8716666666666667,
  "macro avg": {
    "precision": 0.8632481753781613,
    "recall": 0.8157647818911432,
    "f1-score": 0.8361052828220145,
    "support": 3000.0
  },
  "weighted avg": {
    "precision": 0.873239750274578,
    "recall": 0.8716666666666667,
    "f1-score": 0.8705982680197295,
    "support": 3000.0
  }
}